{
  "project_info": {
    "project_number": "871923257983",
    "project_id": "multiservicios-y-piscinas",
    "storage_bucket": "multiservicios-y-piscinas.appspot.com"
  },
  "client": [
    {
      "client_info": {
        "mobilesdk_app_id": "1:871923257983:android:4a750f0c5074fad819254a",
        "android_client_info": {
          "package_name": "com.tesis.sistemagestiondepiscinas"
        }
      },
      "oauth_client": [],
      "api_key": [
        {
          "current_key": "AIzaSyAM-uJIXei2sHlMXUeJpYlZDgtN5nXkbD8"
        }
      ],
      "services": {
        "appinvite_service": {
          "other_platform_oauth_client": []
        }
      }
    }
  ],
  "configuration_version": "1"
}